factor,total_return,annual_return,annual_volatility,sharpe,sortino,max_drawdown,calmar,win_rate,skewness,kurtosis,best_day,worst_day,n_periods,mean_ic
Momentum,-0.13587082515165283,-0.02093943163235301,0.10850024206813227,-0.14071383194638556,-0.23881919880851604,-0.3134952081424153,-0.06679346633853682,0.4370327774583094,-0.34284786395688555,5.348428378945858,0.04282864754720524,-0.050301865345959124,1739,-0.010334753744950484
RSI,-0.022221495878961495,-0.0032511569143124364,0.08210927356856741,0.0012707964200254797,-0.06417732632495662,-0.16134345832496183,-0.020150534444131486,0.4864864864864865,0.7504487446429762,8.118583715015513,0.05405203014948775,-0.027095970475973674,1739,0.013793710081605905
Low_Vol,-0.08382703596818741,-0.012606821760999809,0.11852496784829519,-0.04778635287444677,-0.14931224823387065,-0.3186979901598029,-0.03955726785311211,0.46923519263944796,-0.04016444598987949,3.438861348245257,0.041229015639867486,-0.035551870863084506,1739,0.004504318344533132
Mean_Rev,0.10864287699009045,0.015057863437526686,0.09034208827836053,0.21057672644142728,0.25102648142866174,-0.14508038013847296,0.10378979861477207,0.496262219666475,0.041582691156899554,2.497112849009236,0.02644468378891425,-0.027827571941410917,1739,0.02242063147430779
Composite,0.0140154193725186,0.002018920909763189,0.07923095592265796,0.06507525200352457,0.03457712745157401,-0.1569079113407284,0.012866915966901536,0.4226566992524439,-0.18525485529103014,3.689095537309698,0.019728787098660897,-0.040351292169599776,1739,0.0
