strategy,slippage_bps,vwap,savings_vs_aggressive
Aggressive,3.5149333333322375,150.05272399999998,0.0
VWAP,1.9330000000005991,150.028995,1.5819333333316383
TWAP,2.215866666667428,150.033238,1.2990666666648094
