size,slippage_bps,impact_bps,vwap
500,0.6666666666660603,0.0,150.01
1000,0.6666666666660603,0.0,150.01
2000,0.968000000000302,0.33333333333303017,150.01452
3000,1.3157777777773085,0.6666666666660603,150.01973666666666
5000,1.9357333333327158,1.3333333333340154,150.029036
7500,2.6868444444460238,2.3333333333350006,150.0403026666667
10000,3.515399999999621,3.0000000000010614,150.052731
15000,5.129866666665824,4.666666666666212,150.076948
20000,6.632133333332983,6.000000000000227,150.099482
